Fertilizer,Biomass
0,2.117724314
0,0.721058256
0,4.066241614
0,1.999658766
0,4.004222859
2,3.753011509
2,6.064397146
2,5.7774131
2,3.260147294
2,4.774539206
4,7.083978353
4,7.289305317
4,6.917264098
4,6.412012571
4,6.849519712
6,7.478279479
6,5.767146851
6,7.656662161
6,8.660586442
6,7.460760555
8,5.642244284
8,5.819787993
8,3.166733445
8,4.020435127
8,3.496921806
10,1.070401064
10,3.195156146
10,1.726898233
10,0.796657543
10,3.697759687
